<?xml version="1.0" encoding="UTF-8"?>
<GenRun Id="impl_1" LaunchPart="xc7a35tcpg236-1" LaunchTime="1743727213">
  <File Type="OPT-DCP" Name="TopLevel_opt.dcp"/>
  <File Type="RUN-CONSTRS" Name="$PDATADIR/runs/impl_1/constrs_in.xml"/>
  <File Type="RUN-SRCS" Name="$PDATADIR/runs/impl_1/sources.xml"/>
  <File Type="PWROPT-DCP" Name="TopLevel_pwropt.dcp"/>
  <File Type="ROUTE-DCP" Name="TopLevel_routed.dcp"/>
  <File Type="PA-TCL" Name="TopLevel.tcl"/>
  <File Type="RUN-STRAT" Name="$PDATADIR/runs/impl_1/impl_1.psg"/>
  <File Type="OPT-DRC" Name="TopLevel_drc_opted.rpt"/>
  <File Type="PWROPT-DRC" Name="TopLevel_drc_pwropted.rpt"/>
  <File Type="OPT-HWDEF" Name="TopLevel.hwdef"/>
  <File Type="PLACE-DCP" Name="TopLevel_placed.dcp"/>
  <File Type="PLACE-IO" Name="TopLevel_io_placed.rpt"/>
  <File Type="PLACE-CLK" Name="TopLevel_clock_utilization_placed.rpt"/>
  <File Type="PLACE-UTIL" Name="TopLevel_utilization_placed.rpt"/>
  <File Type="PLACE-UTIL-PB" Name="TopLevel_utilization_placed.pb"/>
  <File Type="PLACE-CTRL" Name="TopLevel_control_sets_placed.rpt"/>
  <File Type="PLACE-SIMILARITY" Name="TopLevel_incremental_reuse_placed.rpt"/>
  <File Type="PLACE-PRE-SIMILARITY" Name="TopLevel_incremental_reuse_pre_placed.rpt"/>
  <File Type="POSTPLACE-PWROPT-DCP" Name="TopLevel_postplace_pwropt.dcp"/>
  <File Type="PHYSOPT-DCP" Name="TopLevel_physopt.dcp"/>
  <File Type="RDI-RDI" Name="TopLevel.vdi"/>
  <File Type="PHYSOPT-DRC" Name="TopLevel_drc_physopted.rpt"/>
  <File Type="ROUTE-DRC" Name="TopLevel_drc_routed.rpt"/>
  <File Type="ROUTE-DRC-PB" Name="TopLevel_drc_routed.pb"/>
  <File Type="ROUTE-PWR" Name="TopLevel_power_routed.rpt"/>
  <File Type="ROUTE-PWR-SUM" Name="TopLevel_power_summary_routed.pb"/>
  <File Type="ROUTE-STATUS" Name="TopLevel_route_status.rpt"/>
  <File Type="ROUTE-STATUS-PB" Name="TopLevel_route_status.pb"/>
  <File Type="ROUTE-TIMINGSUMMARY" Name="TopLevel_timing_summary_routed.rpt"/>
  <File Type="ROUTE-TIMING-PB" Name="TopLevel_timing_summary_routed.pb"/>
  <File Type="ROUTE-TIMING-RPX" Name="TopLevel_timing_summary_routed.rpx"/>
  <File Type="ROUTE-SIMILARITY" Name="TopLevel_incremental_reuse_routed.rpt"/>
  <File Type="ROUTE-CLK" Name="TopLevel_clock_utilization_routed.rpt"/>
  <File Type="POSTROUTE-PHYSOPT-DCP" Name="TopLevel_postroute_physopt.dcp"/>
  <File Type="POSTROUTE-PHYSOPT-TIMING" Name="TopLevel_timing_summary_postroute_physopted.rpt"/>
  <File Type="POSTROUTE-PHYSOPT-TIMING-PB" Name="TopLevel_timing_summary_postroute_physopted.pb"/>
  <File Type="POSTROUTE-PHYSOPT-TIMING-RPX" Name="TopLevel_timing_summary_postroute_physopted.rpx"/>
  <File Type="BG-BIT" Name="TopLevel.bit"/>
  <File Type="BG-BIN" Name="TopLevel.bin"/>
  <File Type="BITSTR-MSK" Name="TopLevel.msk"/>
  <File Type="BITSTR-RBT" Name="TopLevel.rbt"/>
  <File Type="BITSTR-NKY" Name="TopLevel.nky"/>
  <File Type="BITSTR-BMM" Name="TopLevel_bd.bmm"/>
  <File Type="BITSTR-MMI" Name="TopLevel.mmi"/>
  <File Type="BITSTR-SYSDEF" Name="TopLevel.sysdef"/>
  <File Type="BG-BGN" Name="TopLevel.bgn"/>
  <File Type="BG-DRC" Name="TopLevel.drc"/>
  <File Type="WBT-USG" Name="usage_statistics_webtalk.html"/>
  <FileSet Name="sources" Type="DesignSrcs" RelSrcDir="$PSRCDIR/sources_1">
    <Filter Type="Srcs"/>
    <File Path="$PSRCDIR/sources_1/imports/imports/new/Multiplexer_4way.v">
      <FileInfo>
        <Attr Name="ImportPath" Val="$PPRDIR/../../../AS2final/project_AS22/project_AS22.srcs/sources_1/imports/new/Multiplexer_4way.v"/>
        <Attr Name="ImportTime" Val="1739298978"/>
        <Attr Name="UsedIn" Val="synthesis"/>
        <Attr Name="UsedIn" Val="implementation"/>
        <Attr Name="UsedIn" Val="simulation"/>
      </FileInfo>
    </File>
    <File Path="$PSRCDIR/sources_1/imports/imports/new/MouseTransmitter.v">
      <FileInfo>
        <Attr Name="ImportPath" Val="$PPRDIR/../../../AS2final/project_AS22/project_AS22.srcs/sources_1/imports/new/MouseTransmitter.v"/>
        <Attr Name="ImportTime" Val="1741549130"/>
        <Attr Name="UsedIn" Val="synthesis"/>
        <Attr Name="UsedIn" Val="implementation"/>
        <Attr Name="UsedIn" Val="simulation"/>
      </FileInfo>
    </File>
    <File Path="$PSRCDIR/sources_1/imports/imports/new/MouseReceiver.v">
      <FileInfo>
        <Attr Name="ImportPath" Val="$PPRDIR/../../../AS2final/project_AS22/project_AS22.srcs/sources_1/imports/new/MouseReceiver.v"/>
        <Attr Name="ImportTime" Val="1741549208"/>
        <Attr Name="UsedIn" Val="synthesis"/>
        <Attr Name="UsedIn" Val="implementation"/>
        <Attr Name="UsedIn" Val="simulation"/>
      </FileInfo>
    </File>
    <File Path="$PSRCDIR/sources_1/imports/imports/new/MouseMasterSM.v">
      <FileInfo>
        <Attr Name="ImportPath" Val="$PPRDIR/../../../AS2final/project_AS22/project_AS22.srcs/sources_1/imports/new/MouseMasterSM.v"/>
        <Attr Name="ImportTime" Val="1741549222"/>
        <Attr Name="UsedIn" Val="synthesis"/>
        <Attr Name="UsedIn" Val="implementation"/>
        <Attr Name="UsedIn" Val="simulation"/>
      </FileInfo>
    </File>
    <File Path="$PSRCDIR/sources_1/imports/imports/new/Generic_counter.v">
      <FileInfo>
        <Attr Name="ImportPath" Val="$PPRDIR/../../../AS2final/project_AS22/project_AS22.srcs/sources_1/imports/new/Generic_counter.v"/>
        <Attr Name="ImportTime" Val="1739315326"/>
        <Attr Name="UsedIn" Val="synthesis"/>
        <Attr Name="UsedIn" Val="implementation"/>
        <Attr Name="UsedIn" Val="simulation"/>
      </FileInfo>
    </File>
    <File Path="$PSRCDIR/sources_1/imports/imports/new/Decimal_decoder.v">
      <FileInfo>
        <Attr Name="ImportPath" Val="$PPRDIR/../../../AS2final/project_AS22/project_AS22.srcs/sources_1/imports/new/Decimal_decoder.v"/>
        <Attr Name="ImportTime" Val="1739302504"/>
        <Attr Name="UsedIn" Val="synthesis"/>
        <Attr Name="UsedIn" Val="implementation"/>
        <Attr Name="UsedIn" Val="simulation"/>
      </FileInfo>
    </File>
    <File Path="$PSRCDIR/sources_1/imports/verilog/IRTransmitterSM.v">
      <FileInfo>
        <Attr Name="ImportPath" Val="$PPRDIR/../../../AS1/microprocessor-rc-master/microprocessor-rc-master/verilog/IRTransmitterSM.v"/>
        <Attr Name="ImportTime" Val="1738627053"/>
        <Attr Name="UsedIn" Val="synthesis"/>
        <Attr Name="UsedIn" Val="implementation"/>
        <Attr Name="UsedIn" Val="simulation"/>
      </FileInfo>
    </File>
    <File Path="$PSRCDIR/sources_1/imports/verilog/VGA_Sig_Gen.v">
      <FileInfo>
        <Attr Name="ImportPath" Val="$PPRDIR/../../../AS1/microprocessor-rc-master/microprocessor-rc-master/verilog/VGA_Sig_Gen.v"/>
        <Attr Name="ImportTime" Val="1738623453"/>
        <Attr Name="UsedIn" Val="synthesis"/>
        <Attr Name="UsedIn" Val="implementation"/>
        <Attr Name="UsedIn" Val="simulation"/>
      </FileInfo>
    </File>
    <File Path="$PSRCDIR/sources_1/imports/imports/new/MouseTransceiver.v">
      <FileInfo>
        <Attr Name="ImportPath" Val="$PPRDIR/../../../AS2final/project_AS22/project_AS22.srcs/sources_1/imports/new/MouseTransceiver.v"/>
        <Attr Name="ImportTime" Val="1741447602"/>
        <Attr Name="UsedIn" Val="synthesis"/>
        <Attr Name="UsedIn" Val="implementation"/>
        <Attr Name="UsedIn" Val="simulation"/>
      </FileInfo>
    </File>
    <File Path="$PSRCDIR/sources_1/imports/verilog/Frame_Buffer.v">
      <FileInfo>
        <Attr Name="ImportPath" Val="$PPRDIR/../../../AS1/microprocessor-rc-master/microprocessor-rc-master/verilog/Frame_Buffer.v"/>
        <Attr Name="ImportTime" Val="1738623453"/>
        <Attr Name="UsedIn" Val="synthesis"/>
        <Attr Name="UsedIn" Val="implementation"/>
        <Attr Name="UsedIn" Val="simulation"/>
      </FileInfo>
    </File>
    <File Path="$PSRCDIR/sources_1/imports/imports/new/DisplayInterface.v">
      <FileInfo>
        <Attr Name="ImportPath" Val="$PPRDIR/../../../AS2final/project_AS22/project_AS22.srcs/sources_1/imports/new/DisplayInterface.v"/>
        <Attr Name="ImportTime" Val="1739492318"/>
        <Attr Name="UsedIn" Val="synthesis"/>
        <Attr Name="UsedIn" Val="implementation"/>
        <Attr Name="UsedIn" Val="simulation"/>
      </FileInfo>
    </File>
    <File Path="$PSRCDIR/sources_1/imports/imports/verilog/ALU.v">
      <FileInfo>
        <Attr Name="ImportPath" Val="$PPRDIR/../../../AS2final/project_AS22/project_AS22.srcs/sources_1/imports/verilog/ALU.v"/>
        <Attr Name="ImportTime" Val="1738623452"/>
        <Attr Name="UsedIn" Val="synthesis"/>
        <Attr Name="UsedIn" Val="implementation"/>
        <Attr Name="UsedIn" Val="simulation"/>
      </FileInfo>
    </File>
    <File Path="$PSRCDIR/sources_1/imports/verilog/TenHz_cnt.v">
      <FileInfo>
        <Attr Name="ImportPath" Val="$PPRDIR/../../../AS1/microprocessor-rc-master/microprocessor-rc-master/verilog/TenHz_cnt.v"/>
        <Attr Name="ImportTime" Val="1738627053"/>
        <Attr Name="UsedIn" Val="synthesis"/>
        <Attr Name="UsedIn" Val="implementation"/>
        <Attr Name="UsedIn" Val="simulation"/>
      </FileInfo>
    </File>
    <File Path="$PSRCDIR/sources_1/imports/verilog/VGA_Controller.v">
      <FileInfo>
        <Attr Name="ImportPath" Val="$PPRDIR/../../../AS1/microprocessor-rc-master/microprocessor-rc-master/verilog/VGA_Controller.v"/>
        <Attr Name="ImportTime" Val="1738623453"/>
        <Attr Name="UsedIn" Val="synthesis"/>
        <Attr Name="UsedIn" Val="implementation"/>
        <Attr Name="UsedIn" Val="simulation"/>
      </FileInfo>
    </File>
    <File Path="$PSRCDIR/sources_1/imports/imports/verilog/Timer.v">
      <FileInfo>
        <Attr Name="ImportPath" Val="$PPRDIR/../../../AS2final/project_AS22/project_AS22.srcs/sources_1/imports/verilog/Timer.v"/>
        <Attr Name="ImportTime" Val="1738623452"/>
        <Attr Name="UsedIn" Val="synthesis"/>
        <Attr Name="UsedIn" Val="implementation"/>
        <Attr Name="UsedIn" Val="simulation"/>
      </FileInfo>
    </File>
    <File Path="$PSRCDIR/sources_1/imports/imports/verilog/SwitchPeripheral.v">
      <FileInfo>
        <Attr Name="ImportPath" Val="$PPRDIR/../../../AS2final/project_AS22/project_AS22.srcs/sources_1/imports/verilog/SwitchPeripheral.v"/>
        <Attr Name="ImportTime" Val="1738623452"/>
        <Attr Name="UsedIn" Val="synthesis"/>
        <Attr Name="UsedIn" Val="implementation"/>
        <Attr Name="UsedIn" Val="simulation"/>
      </FileInfo>
    </File>
    <File Path="$PSRCDIR/sources_1/imports/imports/verilog/Seg7Peripheral.v">
      <FileInfo>
        <Attr Name="ImportPath" Val="$PPRDIR/../../../AS2final/project_AS22/project_AS22.srcs/sources_1/imports/verilog/Seg7Peripheral.v"/>
        <Attr Name="ImportTime" Val="1738623452"/>
        <Attr Name="UsedIn" Val="synthesis"/>
        <Attr Name="UsedIn" Val="implementation"/>
        <Attr Name="UsedIn" Val="simulation"/>
      </FileInfo>
    </File>
    <File Path="$PSRCDIR/sources_1/imports/imports/verilog/ROM.v">
      <FileInfo>
        <Attr Name="ImportPath" Val="$PPRDIR/../../../AS2final/project_AS22/project_AS22.srcs/sources_1/imports/verilog/ROM.v"/>
        <Attr Name="ImportTime" Val="1741653282"/>
        <Attr Name="UsedIn" Val="synthesis"/>
        <Attr Name="UsedIn" Val="implementation"/>
        <Attr Name="UsedIn" Val="simulation"/>
      </FileInfo>
    </File>
    <File Path="$PSRCDIR/sources_1/imports/imports/verilog/RAM.v">
      <FileInfo>
        <Attr Name="ImportPath" Val="$PPRDIR/../../../AS2final/project_AS22/project_AS22.srcs/sources_1/imports/verilog/RAM.v"/>
        <Attr Name="ImportTime" Val="1741653378"/>
        <Attr Name="UsedIn" Val="synthesis"/>
        <Attr Name="UsedIn" Val="implementation"/>
        <Attr Name="UsedIn" Val="simulation"/>
      </FileInfo>
    </File>
    <File Path="$PSRCDIR/sources_1/imports/imports/verilog/Processor.v">
      <FileInfo>
        <Attr Name="ImportPath" Val="$PPRDIR/../../../AS2final/project_AS22/project_AS22.srcs/sources_1/imports/verilog/Processor.v"/>
        <Attr Name="ImportTime" Val="1741311740"/>
        <Attr Name="UsedIn" Val="synthesis"/>
        <Attr Name="UsedIn" Val="implementation"/>
        <Attr Name="UsedIn" Val="simulation"/>
      </FileInfo>
    </File>
    <File Path="$PSRCDIR/sources_1/imports/imports/verilog/MousePeripheral.v">
      <FileInfo>
        <Attr Name="ImportPath" Val="$PPRDIR/../../../AS2final/project_AS22/project_AS22.srcs/sources_1/imports/verilog/MousePeripheral.v"/>
        <Attr Name="ImportTime" Val="1741723384"/>
        <Attr Name="UsedIn" Val="synthesis"/>
        <Attr Name="UsedIn" Val="implementation"/>
        <Attr Name="UsedIn" Val="simulation"/>
      </FileInfo>
    </File>
    <File Path="$PSRCDIR/sources_1/imports/verilog/IRTransmitter.v">
      <FileInfo>
        <Attr Name="ImportPath" Val="$PPRDIR/../../../AS1/microprocessor-rc-master/microprocessor-rc-master/verilog/IRTransmitter.v"/>
        <Attr Name="ImportTime" Val="1738627053"/>
        <Attr Name="UsedIn" Val="synthesis"/>
        <Attr Name="UsedIn" Val="implementation"/>
        <Attr Name="UsedIn" Val="simulation"/>
      </FileInfo>
    </File>
    <File Path="$PSRCDIR/sources_1/imports/imports/verilog/TopLevel.v">
      <FileInfo>
        <Attr Name="ImportPath" Val="$PPRDIR/../../../AS2final/project_AS22/project_AS22.srcs/sources_1/imports/verilog/TopLevel.v"/>
        <Attr Name="ImportTime" Val="1741896394"/>
        <Attr Name="UsedIn" Val="synthesis"/>
        <Attr Name="UsedIn" Val="implementation"/>
        <Attr Name="UsedIn" Val="simulation"/>
      </FileInfo>
    </File>
    <File Path="$PSRCDIR/sources_1/imports/imports/AS2/ps2_master.v">
      <FileInfo>
        <Attr Name="AutoDisabled" Val="1"/>
        <Attr Name="ImportPath" Val="$PPRDIR/../../../AS2final/project_AS22/project_AS22.srcs/sources_1/imports/AS2/ps2_master.v"/>
        <Attr Name="ImportTime" Val="1741902326"/>
        <Attr Name="UsedIn" Val="synthesis"/>
        <Attr Name="UsedIn" Val="implementation"/>
        <Attr Name="UsedIn" Val="simulation"/>
      </FileInfo>
    </File>
    <Config>
      <Option Name="DesignMode" Val="RTL"/>
      <Option Name="TopModule" Val="TopLevel"/>
      <Option Name="TopAutoSet" Val="TRUE"/>
    </Config>
  </FileSet>
  <FileSet Name="constrs_in" Type="Constrs" RelSrcDir="$PSRCDIR/constrs_1">
    <Filter Type="Constrs"/>
    <File Path="$PSRCDIR/constrs_1/imports/microprocessor-rc-master/constraint.xdc">
      <FileInfo>
        <Attr Name="ImportPath" Val="$PPRDIR/../../../AS1/microprocessor-rc-master/microprocessor-rc-master/constraint.xdc"/>
        <Attr Name="ImportTime" Val="1738776222"/>
        <Attr Name="UsedIn" Val="synthesis"/>
        <Attr Name="UsedIn" Val="implementation"/>
      </FileInfo>
    </File>
    <Config>
      <Option Name="ConstrsType" Val="XDC"/>
    </Config>
  </FileSet>
  <Strategy Version="1" Minor="2">
    <StratHandle Name="Vivado Implementation Defaults" Flow="Vivado Implementation 2015"/>
    <Step Id="init_design"/>
    <Step Id="opt_design"/>
    <Step Id="power_opt_design"/>
    <Step Id="place_design"/>
    <Step Id="post_place_power_opt_design"/>
    <Step Id="phys_opt_design"/>
    <Step Id="route_design"/>
    <Step Id="post_route_phys_opt_design"/>
    <Step Id="write_bitstream"/>
  </Strategy>
</GenRun>
