<?xml version="1.0" encoding="UTF-8"?>
<GenRun Id="synth_1" LaunchPart="xc7a35tcpg236-1" LaunchTime="1743727192">
  <File Type="RDS-DCP" Name="TopLevel.dcp"/>
  <File Type="RUN-CONSTRS" Name="$PDATADIR/runs/synth_1/constrs_in.xml"/>
  <File Type="RDS-UTIL-PB" Name="TopLevel_utilization_synth.pb"/>
  <File Type="RUN-SRCS" Name="$PDATADIR/runs/synth_1/sources.xml"/>
  <File Type="RDS-PROPCONSTRS" Name="TopLevel_drc_synth.rpt"/>
  <File Type="PA-TCL" Name="TopLevel.tcl"/>
  <File Type="RUN-STRAT" Name="$PDATADIR/runs/synth_1/synth_1.psg"/>
  <File Type="RDS-RDS" Name="TopLevel.vds"/>
  <File Type="RDS-UTIL" Name="TopLevel_utilization_synth.rpt"/>
  <File Type="VDS-TIMINGSUMMARY" Name="TopLevel_timing_summary_synth.rpt"/>
  <File Type="VDS-TIMING-PB" Name="TopLevel_timing_summary_synth.pb"/>
  <FileSet Name="sources" Type="DesignSrcs" RelSrcDir="$PSRCDIR/sources_1">
    <Filter Type="Srcs"/>
    <File Path="$PSRCDIR/sources_1/imports/imports/new/Multiplexer_4way.v">
      <FileInfo>
        <Attr Name="ImportPath" Val="$PPRDIR/../../../AS2final/project_AS22/project_AS22.srcs/sources_1/imports/new/Multiplexer_4way.v"/>
        <Attr Name="ImportTime" Val="1739298978"/>
        <Attr Name="UsedIn" Val="synthesis"/>
        <Attr Name="UsedIn" Val="implementation"/>
        <Attr Name="UsedIn" Val="simulation"/>
      </FileInfo>
    </File>
    <File Path="$PSRCDIR/sources_1/imports/imports/new/MouseTransmitter.v">
      <FileInfo>
        <Attr Name="ImportPath" Val="$PPRDIR/../../../AS2final/project_AS22/project_AS22.srcs/sources_1/imports/new/MouseTransmitter.v"/>
        <Attr Name="ImportTime" Val="1741549130"/>
        <Attr Name="UsedIn" Val="synthesis"/>
        <Attr Name="UsedIn" Val="implementation"/>
        <Attr Name="UsedIn" Val="simulation"/>
      </FileInfo>
    </File>
    <File Path="$PSRCDIR/sources_1/imports/imports/new/MouseReceiver.v">
      <FileInfo>
        <Attr Name="ImportPath" Val="$PPRDIR/../../../AS2final/project_AS22/project_AS22.srcs/sources_1/imports/new/MouseReceiver.v"/>
        <Attr Name="ImportTime" Val="1741549208"/>
        <Attr Name="UsedIn" Val="synthesis"/>
        <Attr Name="UsedIn" Val="implementation"/>
        <Attr Name="UsedIn" Val="simulation"/>
      </FileInfo>
    </File>
    <File Path="$PSRCDIR/sources_1/imports/imports/new/MouseMasterSM.v">
      <FileInfo>
        <Attr Name="ImportPath" Val="$PPRDIR/../../../AS2final/project_AS22/project_AS22.srcs/sources_1/imports/new/MouseMasterSM.v"/>
        <Attr Name="ImportTime" Val="1741549222"/>
        <Attr Name="UsedIn" Val="synthesis"/>
        <Attr Name="UsedIn" Val="implementation"/>
        <Attr Name="UsedIn" Val="simulation"/>
      </FileInfo>
    </File>
    <File Path="$PSRCDIR/sources_1/imports/imports/new/Generic_counter.v">
      <FileInfo>
        <Attr Name="ImportPath" Val="$PPRDIR/../../../AS2final/project_AS22/project_AS22.srcs/sources_1/imports/new/Generic_counter.v"/>
        <Attr Name="ImportTime" Val="1739315326"/>
        <Attr Name="UsedIn" Val="synthesis"/>
        <Attr Name="UsedIn" Val="implementation"/>
        <Attr Name="UsedIn" Val="simulation"/>
      </FileInfo>
    </File>
    <File Path="$PSRCDIR/sources_1/imports/imports/new/Decimal_decoder.v">
      <FileInfo>
        <Attr Name="ImportPath" Val="$PPRDIR/../../../AS2final/project_AS22/project_AS22.srcs/sources_1/imports/new/Decimal_decoder.v"/>
        <Attr Name="ImportTime" Val="1739302504"/>
        <Attr Name="UsedIn" Val="synthesis"/>
        <Attr Name="UsedIn" Val="implementation"/>
        <Attr Name="UsedIn" Val="simulation"/>
      </FileInfo>
    </File>
    <File Path="$PSRCDIR/sources_1/imports/verilog/IRTransmitterSM.v">
      <FileInfo>
        <Attr Name="ImportPath" Val="$PPRDIR/../../../AS1/microprocessor-rc-master/microprocessor-rc-master/verilog/IRTransmitterSM.v"/>
        <Attr Name="ImportTime" Val="1738627053"/>
        <Attr Name="UsedIn" Val="synthesis"/>
        <Attr Name="UsedIn" Val="implementation"/>
        <Attr Name="UsedIn" Val="simulation"/>
      </FileInfo>
    </File>
    <File Path="$PSRCDIR/sources_1/imports/verilog/VGA_Sig_Gen.v">
      <FileInfo>
        <Attr Name="ImportPath" Val="$PPRDIR/../../../AS1/microprocessor-rc-master/microprocessor-rc-master/verilog/VGA_Sig_Gen.v"/>
        <Attr Name="ImportTime" Val="1738623453"/>
        <Attr Name="UsedIn" Val="synthesis"/>
        <Attr Name="UsedIn" Val="implementation"/>
        <Attr Name="UsedIn" Val="simulation"/>
      </FileInfo>
    </File>
    <File Path="$PSRCDIR/sources_1/imports/imports/new/MouseTransceiver.v">
      <FileInfo>
        <Attr Name="ImportPath" Val="$PPRDIR/../../../AS2final/project_AS22/project_AS22.srcs/sources_1/imports/new/MouseTransceiver.v"/>
        <Attr Name="ImportTime" Val="1741447602"/>
        <Attr Name="UsedIn" Val="synthesis"/>
        <Attr Name="UsedIn" Val="implementation"/>
        <Attr Name="UsedIn" Val="simulation"/>
      </FileInfo>
    </File>
    <File Path="$PSRCDIR/sources_1/imports/verilog/Frame_Buffer.v">
      <FileInfo>
        <Attr Name="ImportPath" Val="$PPRDIR/../../../AS1/microprocessor-rc-master/microprocessor-rc-master/verilog/Frame_Buffer.v"/>
        <Attr Name="ImportTime" Val="1738623453"/>
        <Attr Name="UsedIn" Val="synthesis"/>
        <Attr Name="UsedIn" Val="implementation"/>
        <Attr Name="UsedIn" Val="simulation"/>
      </FileInfo>
    </File>
    <File Path="$PSRCDIR/sources_1/imports/imports/new/DisplayInterface.v">
      <FileInfo>
        <Attr Name="ImportPath" Val="$PPRDIR/../../../AS2final/project_AS22/project_AS22.srcs/sources_1/imports/new/DisplayInterface.v"/>
        <Attr Name="ImportTime" Val="1739492318"/>
        <Attr Name="UsedIn" Val="synthesis"/>
        <Attr Name="UsedIn" Val="implementation"/>
        <Attr Name="UsedIn" Val="simulation"/>
      </FileInfo>
    </File>
    <File Path="$PSRCDIR/sources_1/imports/imports/verilog/ALU.v">
      <FileInfo>
        <Attr Name="ImportPath" Val="$PPRDIR/../../../AS2final/project_AS22/project_AS22.srcs/sources_1/imports/verilog/ALU.v"/>
        <Attr Name="ImportTime" Val="1738623452"/>
        <Attr Name="UsedIn" Val="synthesis"/>
        <Attr Name="UsedIn" Val="implementation"/>
        <Attr Name="UsedIn" Val="simulation"/>
      </FileInfo>
    </File>
    <File Path="$PSRCDIR/sources_1/imports/verilog/TenHz_cnt.v">
      <FileInfo>
        <Attr Name="ImportPath" Val="$PPRDIR/../../../AS1/microprocessor-rc-master/microprocessor-rc-master/verilog/TenHz_cnt.v"/>
        <Attr Name="ImportTime" Val="1738627053"/>
        <Attr Name="UsedIn" Val="synthesis"/>
        <Attr Name="UsedIn" Val="implementation"/>
        <Attr Name="UsedIn" Val="simulation"/>
      </FileInfo>
    </File>
    <File Path="$PSRCDIR/sources_1/imports/verilog/VGA_Controller.v">
      <FileInfo>
        <Attr Name="ImportPath" Val="$PPRDIR/../../../AS1/microprocessor-rc-master/microprocessor-rc-master/verilog/VGA_Controller.v"/>
        <Attr Name="ImportTime" Val="1738623453"/>
        <Attr Name="UsedIn" Val="synthesis"/>
        <Attr Name="UsedIn" Val="implementation"/>
        <Attr Name="UsedIn" Val="simulation"/>
      </FileInfo>
    </File>
    <File Path="$PSRCDIR/sources_1/imports/imports/verilog/Timer.v">
      <FileInfo>
        <Attr Name="ImportPath" Val="$PPRDIR/../../../AS2final/project_AS22/project_AS22.srcs/sources_1/imports/verilog/Timer.v"/>
        <Attr Name="ImportTime" Val="1738623452"/>
        <Attr Name="UsedIn" Val="synthesis"/>
        <Attr Name="UsedIn" Val="implementation"/>
        <Attr Name="UsedIn" Val="simulation"/>
      </FileInfo>
    </File>
    <File Path="$PSRCDIR/sources_1/imports/imports/verilog/SwitchPeripheral.v">
      <FileInfo>
        <Attr Name="ImportPath" Val="$PPRDIR/../../../AS2final/project_AS22/project_AS22.srcs/sources_1/imports/verilog/SwitchPeripheral.v"/>
        <Attr Name="ImportTime" Val="1738623452"/>
        <Attr Name="UsedIn" Val="synthesis"/>
        <Attr Name="UsedIn" Val="implementation"/>
        <Attr Name="UsedIn" Val="simulation"/>
      </FileInfo>
    </File>
    <File Path="$PSRCDIR/sources_1/imports/imports/verilog/Seg7Peripheral.v">
      <FileInfo>
        <Attr Name="ImportPath" Val="$PPRDIR/../../../AS2final/project_AS22/project_AS22.srcs/sources_1/imports/verilog/Seg7Peripheral.v"/>
        <Attr Name="ImportTime" Val="1738623452"/>
        <Attr Name="UsedIn" Val="synthesis"/>
        <Attr Name="UsedIn" Val="implementation"/>
        <Attr Name="UsedIn" Val="simulation"/>
      </FileInfo>
    </File>
    <File Path="$PSRCDIR/sources_1/imports/imports/verilog/ROM.v">
      <FileInfo>
        <Attr Name="ImportPath" Val="$PPRDIR/../../../AS2final/project_AS22/project_AS22.srcs/sources_1/imports/verilog/ROM.v"/>
        <Attr Name="ImportTime" Val="1741653282"/>
        <Attr Name="UsedIn" Val="synthesis"/>
        <Attr Name="UsedIn" Val="implementation"/>
        <Attr Name="UsedIn" Val="simulation"/>
      </FileInfo>
    </File>
    <File Path="$PSRCDIR/sources_1/imports/imports/verilog/RAM.v">
      <FileInfo>
        <Attr Name="ImportPath" Val="$PPRDIR/../../../AS2final/project_AS22/project_AS22.srcs/sources_1/imports/verilog/RAM.v"/>
        <Attr Name="ImportTime" Val="1741653378"/>
        <Attr Name="UsedIn" Val="synthesis"/>
        <Attr Name="UsedIn" Val="implementation"/>
        <Attr Name="UsedIn" Val="simulation"/>
      </FileInfo>
    </File>
    <File Path="$PSRCDIR/sources_1/imports/imports/verilog/Processor.v">
      <FileInfo>
        <Attr Name="ImportPath" Val="$PPRDIR/../../../AS2final/project_AS22/project_AS22.srcs/sources_1/imports/verilog/Processor.v"/>
        <Attr Name="ImportTime" Val="1741311740"/>
        <Attr Name="UsedIn" Val="synthesis"/>
        <Attr Name="UsedIn" Val="implementation"/>
        <Attr Name="UsedIn" Val="simulation"/>
      </FileInfo>
    </File>
    <File Path="$PSRCDIR/sources_1/imports/imports/verilog/MousePeripheral.v">
      <FileInfo>
        <Attr Name="ImportPath" Val="$PPRDIR/../../../AS2final/project_AS22/project_AS22.srcs/sources_1/imports/verilog/MousePeripheral.v"/>
        <Attr Name="ImportTime" Val="1741723384"/>
        <Attr Name="UsedIn" Val="synthesis"/>
        <Attr Name="UsedIn" Val="implementation"/>
        <Attr Name="UsedIn" Val="simulation"/>
      </FileInfo>
    </File>
    <File Path="$PSRCDIR/sources_1/imports/verilog/IRTransmitter.v">
      <FileInfo>
        <Attr Name="ImportPath" Val="$PPRDIR/../../../AS1/microprocessor-rc-master/microprocessor-rc-master/verilog/IRTransmitter.v"/>
        <Attr Name="ImportTime" Val="1738627053"/>
        <Attr Name="UsedIn" Val="synthesis"/>
        <Attr Name="UsedIn" Val="implementation"/>
        <Attr Name="UsedIn" Val="simulation"/>
      </FileInfo>
    </File>
    <File Path="$PSRCDIR/sources_1/imports/imports/verilog/TopLevel.v">
      <FileInfo>
        <Attr Name="ImportPath" Val="$PPRDIR/../../../AS2final/project_AS22/project_AS22.srcs/sources_1/imports/verilog/TopLevel.v"/>
        <Attr Name="ImportTime" Val="1741896394"/>
        <Attr Name="UsedIn" Val="synthesis"/>
        <Attr Name="UsedIn" Val="implementation"/>
        <Attr Name="UsedIn" Val="simulation"/>
      </FileInfo>
    </File>
    <File Path="$PSRCDIR/sources_1/imports/imports/AS2/ps2_master.v">
      <FileInfo>
        <Attr Name="AutoDisabled" Val="1"/>
        <Attr Name="ImportPath" Val="$PPRDIR/../../../AS2final/project_AS22/project_AS22.srcs/sources_1/imports/AS2/ps2_master.v"/>
        <Attr Name="ImportTime" Val="1741902326"/>
        <Attr Name="UsedIn" Val="synthesis"/>
        <Attr Name="UsedIn" Val="implementation"/>
        <Attr Name="UsedIn" Val="simulation"/>
      </FileInfo>
    </File>
    <Config>
      <Option Name="DesignMode" Val="RTL"/>
      <Option Name="TopModule" Val="TopLevel"/>
      <Option Name="TopAutoSet" Val="TRUE"/>
    </Config>
  </FileSet>
  <FileSet Name="constrs_in" Type="Constrs" RelSrcDir="$PSRCDIR/constrs_1">
    <Filter Type="Constrs"/>
    <File Path="$PSRCDIR/constrs_1/imports/microprocessor-rc-master/constraint.xdc">
      <FileInfo>
        <Attr Name="ImportPath" Val="$PPRDIR/../../../AS1/microprocessor-rc-master/microprocessor-rc-master/constraint.xdc"/>
        <Attr Name="ImportTime" Val="1738776222"/>
        <Attr Name="UsedIn" Val="synthesis"/>
        <Attr Name="UsedIn" Val="implementation"/>
      </FileInfo>
    </File>
    <Config>
      <Option Name="ConstrsType" Val="XDC"/>
    </Config>
  </FileSet>
  <Strategy Version="1" Minor="2">
    <StratHandle Name="Vivado Synthesis Defaults" Flow="Vivado Synthesis 2015"/>
    <Step Id="synth_design"/>
  </Strategy>
</GenRun>
